[
  {
    "Id": "454103",
    "ThreadId": "215635",
    "Html": "<p>Hi there,</p>\r\n<p>Great software, thank you!</p>\r\n<p>Is there any plan to implement a Between operator? I know it is easily replaced with &gt; and &lt;, but it is nice to have in a language.</p>\r\n<p>Also the &quot;in&quot; format is a bit weird to use, any plans to make it x IN (a,b,c) ?</p>\r\n<p>Thx.</p>\r\n<p>Andrew</p>",
    "PostedDate": "2010-06-10T10:22:50.087-07:00",
    "UserRole": null,
    "MarkedAsAnswerDate": null
  }
]