[
  {
    "Id": "206032",
    "ThreadId": "60807",
    "Html": "<p>I need to be able to do the following:</p>\r\n<p>input: &quot;MAX(4,MIN(5,6)) for 4 MIN(10,12) for 2&quot;</p>\r\n<p>output: &quot;5 5 5 5 10 10&quot;</p>\r\n<p>where &quot;for&quot; indicates repeat the result of the expression for number of times indicated by the value on the right.</p>\r\n<p>I know I can add custom functions like MIN and MAX but &quot;for&quot; in here is acting more like operator. Can I add that too? &quot;for&quot; is just one of the many keywords I would need to add.</p>\r\n<p>Thanks for your help.</p>\r\n<p>&nbsp;</p>\r\n<p>&nbsp;</p>\r\n<p>&nbsp;</p>",
    "PostedDate": "2009-06-26T12:25:14.717-07:00",
    "UserRole": null,
    "MarkedAsAnswerDate": null
  },
  {
    "Id": "206144",
    "ThreadId": "60807",
    "Html": "<p>You can't define operator, though you can create a for(x, t) function which would concatenate t, x times. Functions can take paramters in NCalc. There are some example in the documentation.</p>",
    "PostedDate": "2009-06-26T23:39:46.363-07:00",
    "UserRole": null,
    "MarkedAsAnswerDate": null
  },
  {
    "Id": "206145",
    "ThreadId": "60807",
    "Html": "<p>Just to complete the answer, you would then be able to do something like this: for(4, MAX(4, MIN(5,6)) + for(2, MIN(10,12).</p>",
    "PostedDate": "2009-06-26T23:40:52.957-07:00",
    "UserRole": null,
    "MarkedAsAnswerDate": null
  },
  {
    "Id": "206189",
    "ThreadId": "60807",
    "Html": "<p>thank you for your reply. I understand I will be able add &quot;for&quot; as function like you mention but the format is already set and I cannot change it.</p>",
    "PostedDate": "2009-06-27T06:00:09.643-07:00",
    "UserRole": null,
    "MarkedAsAnswerDate": null
  }
]