[
  {
    "Id": "613701",
    "ThreadId": "257859",
    "Html": "\r\n<p></p>\r\n<div>\r\n<div id=\"DescriptionPanel\">Please, some one can &nbsp;tell me why this component, get diferent results to the following lines?<br>\r\n<br>\r\nConsole.WriteLine(new Expression(&quot;5200856696&#43;325315699-817185385&quot;).Evaluate());<br>\r\n<br>\r\nConsole.WriteLine(new Expression(&quot;5200856696.00&#43;325315699.00-817185385.00&quot;).Evaluate());</div>\r\n</div>\r\n<p></p>\r\n<p>Thanks !</p>\r\n",
    "PostedDate": "2011-05-16T22:02:11.61-07:00",
    "UserRole": null,
    "MarkedAsAnswerDate": null
  }
]