[
  {
    "Id": "514444",
    "ThreadId": "232762",
    "Html": "\r\n<p>Hi, this is really a great project, but I cann't find the ANTLR grammar file, is it in the source code repository?</p>\r\n<p>&nbsp;</p>\r\n",
    "PostedDate": "2010-10-29T02:16:50.05-07:00",
    "UserRole": null,
    "MarkedAsAnswerDate": null
  },
  {
    "Id": "514827",
    "ThreadId": "232762",
    "Html": "\r\n<p>Under Grammer\\NCalc.g</p>\r\n<p>Accessible though this link: <a href=\"http://ncalc.codeplex.com/SourceControl/changeset/view/914d819f2865#Grammar%2fNCalc.g\">\r\nhttp://ncalc.codeplex.com/SourceControl/changeset/view/914d819f2865#Grammar%2fNCalc.g</a></p>\r\n<p>&nbsp;</p>\r\n",
    "PostedDate": "2010-10-29T21:45:17.857-07:00",
    "UserRole": null,
    "MarkedAsAnswerDate": null
  },
  {
    "Id": "515783",
    "ThreadId": "232762",
    "Html": "\r\n<p>Wow, it just amazing, really a good stuff to dive into antlr.</p>\r\n<p>Thank u so much .</p>\r\n",
    "PostedDate": "2010-11-02T01:18:49.99-07:00",
    "UserRole": null,
    "MarkedAsAnswerDate": null
  }
]