[
  {
    "Id": "679747",
    "ThreadId": "274696",
    "Html": "\r\n<p>I am creating dynamically Bodmas rule in asp.net.. plz tell me how i can improve this. here i am giving link of the this article.</p>\r\n<p><a href=\"http://usingaspdotnet.blogspot.com/2011/07/bodmas-rule-using-aspnet.html\">http://usingaspdotnet.blogspot.com/2011/07/bodmas-rule-using-aspnet.html</a></p>\r\n",
    "PostedDate": "2011-10-04T05:02:36.39-07:00",
    "UserRole": null,
    "MarkedAsAnswerDate": null
  }
]