[
  {
    "Id": "900384",
    "ThreadId": "391969",
    "Html": "\r\n<p>Hi,</p>\r\n<p>Have you seen my <a title=\"Sym\" href=\"sym.codeplex.com\" target=\"_self\">Sym</a> project here on codeplex?&nbsp; It transforms algebraic equations and solves.</p>\r\n<p><a title=\"SymbolicComputation.com\" href=\"SymbolicComputation.com\" target=\"_self\">SymbolicComputation.com</a></p>\r\n",
    "PostedDate": "2012-08-16T23:26:22.14-07:00",
    "UserRole": null,
    "MarkedAsAnswerDate": null
  }
]