[
  {
    "Id": "983661",
    "ThreadId": "428731",
    "Html": "\r\n<p>Hi</p>\r\n<p>Is there a way to use hexadecimal (0xFFAA e.g) in NCalc?</p>\r\n<p>Thanks</p>\r\n<p>Ajay</p>\r\n",
    "PostedDate": "2013-01-07T02:07:55.927-08:00",
    "UserRole": null,
    "MarkedAsAnswerDate": null
  },
  {
    "Id": "1043083",
    "ThreadId": "428731",
    "Html": "I came here to say this.  It seems being able to use hex '0x' and binary '0b' notation for numbers would be useful, especially since the &amp; and | operators are supported<br />\n\r<br />\nHowever trying add support for octal would be a terrible idea since no one uses it ever and it causes problems.  In real life 0100 is always meant 100 decimal not 64 decimal.<br />\n",
    "PostedDate": "2013-05-13T14:35:33.18-07:00",
    "UserRole": null,
    "MarkedAsAnswerDate": null
  }
]