[
  {
    "Id": "446577",
    "ThreadId": "213619",
    "Html": "<p>Hi Sebastien,</p>\r\n<p><span>I was wondering if I can get signed release build of NCalc. The download pre-build version available here appears to be a debug build - as it traces out a large amount of information.</span></p>\r\n<p>&nbsp;</p>\r\n<p><span>Thanks,</span></p>\r\n<p>Warm Regards,</p>\r\n<p>- Vikram Lele</p>\r\n<p><span><br></span></p>",
    "PostedDate": "2010-05-24T03:16:53.65-07:00",
    "UserRole": null,
    "MarkedAsAnswerDate": null
  }
]