[
  {
    "Id": "255938",
    "ThreadId": "74776",
    "Html": "<p>I guess there is a problem with gramar file.</p>\r\n<p>Expression&nbsp; 18/2/2*3 is parsed like 18/(2/(2*3)) and not like ((18/2)/2)*3</p>\r\n<p>&nbsp;</p>\r\n<p>&nbsp;</p>\r\n<p>Other problem i'm running to is when dividing two integers and the second one is less than first it returns 0 (also integer),</p>\r\n<p>e.g.&nbsp; 3/6 = 0</p>\r\n<p>Is it possible to return 0.5 (float)?</p>",
    "PostedDate": "2009-11-11T05:25:48.973-08:00",
    "UserRole": null,
    "MarkedAsAnswerDate": null
  },
  {
    "Id": "256028",
    "ThreadId": "74776",
    "Html": "<p>Thank you for this information. I have corrected it and published version 1.3.2. (Both issues)</p>",
    "PostedDate": "2009-11-11T09:09:02.717-08:00",
    "UserRole": null,
    "MarkedAsAnswerDate": null
  }
]