[
  {
    "Id": "269781",
    "ThreadId": "78803",
    "Html": "<p>&nbsp;&nbsp;&nbsp;&nbsp;&nbsp;&nbsp;&nbsp;&nbsp;&nbsp;&nbsp;&nbsp;&nbsp;</p>\r\n<p>&nbsp;&nbsp;&nbsp;&nbsp;&nbsp;&nbsp;&nbsp;&nbsp;&nbsp;&nbsp; version 1.3.3 test code :&nbsp;</p>\r\n<p>&nbsp;&nbsp;&nbsp;&nbsp;&nbsp;&nbsp;&nbsp;&nbsp;&nbsp;&nbsp;&nbsp; Expression e = new Expression(&quot;2 * [x] ^ 2 + 5 * [y]&quot;);<br>&nbsp;&nbsp;&nbsp;&nbsp;&nbsp;&nbsp;&nbsp;&nbsp;&nbsp;&nbsp;&nbsp; e.Parameters[&quot;x&quot;] = 5;<br>&nbsp;&nbsp;&nbsp;&nbsp;&nbsp;&nbsp;&nbsp;&nbsp;&nbsp;&nbsp;&nbsp; e.Parameters[&quot;y&quot;] = 1;</p>\r\n<p>&nbsp;&nbsp;&nbsp;&nbsp;&nbsp;&nbsp;&nbsp;&nbsp;&nbsp;&nbsp;&nbsp; Console.WriteLine(e.Evaluate());</p>\r\n<p>&nbsp;&nbsp;&nbsp;&nbsp;&nbsp;&nbsp;&nbsp;&nbsp;&nbsp;&nbsp;&nbsp; result = 13</p>\r\n<p>&nbsp;&nbsp;&nbsp;&nbsp;&nbsp;&nbsp;&nbsp;&nbsp;&nbsp;&nbsp;&nbsp; why? result = 55 is correctly!</p>\r\n<p>&nbsp;</p>",
    "PostedDate": "2009-12-21T20:10:08.157-08:00",
    "UserRole": null,
    "MarkedAsAnswerDate": null
  },
  {
    "Id": "269813",
    "ThreadId": "78803",
    "Html": "<p>It might be cumbersome but the ^ operator is for bitwise xor. There is a Pow(x,y) function for powers.</p>",
    "PostedDate": "2009-12-21T22:52:58.537-08:00",
    "UserRole": null,
    "MarkedAsAnswerDate": null
  },
  {
    "Id": "269827",
    "ThreadId": "78803",
    "Html": "<p>I see, thank you a lot!</p>",
    "PostedDate": "2009-12-21T23:43:56.94-08:00",
    "UserRole": null,
    "MarkedAsAnswerDate": null
  }
]