{
  "WorkItem": {
    "AffectedComponent": {
      "Name": "",
      "DisplayName": ""
    },
    "ClosedComment": "",
    "ClosedDate": null,
    "CommentCount": 0,
    "Custom": null,
    "Description": "Am trying to use Ncal and experimenting with all the possibilities of what excel evaluates. But I found the below issue when I tried to evaluate this formula\r\n\r\nIf(Or(1=2,2=2),true,false)\r\n\r\nError:\r\nmissing ')' at 'or' at line 1:3\r\nmismatched input ',' expecting ')' at line 1:9\r\nmissing EOF at ')' at line 1:13\r\n\r\n\r\nWhat could be the solution? and let me know if we can evaluate all the type of possible formulas of Excel and do we need to change the format/case.\r\n",
    "LastUpdatedDate": "2015-03-17T09:18:34.157-07:00",
    "PlannedForRelease": "",
    "ReleaseVisibleToPublic": false,
    "Priority": {
      "Name": "Unassigned",
      "Severity": 0,
      "Id": 0
    },
    "ProjectName": "ncalc",
    "ReportedDate": "2015-03-17T09:18:34.157-07:00",
    "Status": {
      "Name": "Proposed",
      "Id": 1
    },
    "ReasonClosed": {
      "Name": "Unassigned"
    },
    "Summary": "Expression evaluation",
    "Type": {
      "Name": "Unassigned",
      "Id": 5
    },
    "VoteCount": 1,
    "Id": 28342
  },
  "FileAttachments": [],
  "Comments": []
}