{
  "WorkItem": {
    "AffectedComponent": {
      "Name": "",
      "DisplayName": ""
    },
    "ClosedComment": "THANK YOU !!!\r\n\r\nAre you the only one to have tried this framework ;) I can't imagine such a bug, but actually it was there.\r\n\r\nI have published the corrected version, i.e. NCalc 1.3.1",
    "ClosedDate": "2009-11-03T08:53:03.477-08:00",
    "CommentCount": 0,
    "Custom": "",
    "Description": "In version 1.3 of NCalc, the expression 2*2*2*2 produces the value 4.  Is there a way to avoid this behavior other than 2*(2*(2*2))) ?",
    "LastUpdatedDate": "2009-11-03T08:53:03.477-08:00",
    "PlannedForRelease": "",
    "ReleaseVisibleToPublic": false,
    "Priority": {
      "Name": "Low",
      "Severity": 50,
      "Id": 1
    },
    "ProjectName": "ncalc",
    "ReportedDate": "2009-11-03T07:36:01.69-08:00",
    "Status": {
      "Name": "Closed",
      "Id": 4
    },
    "ReasonClosed": {
      "Name": "Unassigned"
    },
    "Summary": "Multiplication behavior",
    "Type": {
      "Name": "Issue",
      "Id": 3
    },
    "VoteCount": 1,
    "Id": 25202
  },
  "FileAttachments": [],
  "Comments": []
}