{
  "WorkItem": {
    "AffectedComponent": {
      "Name": "",
      "DisplayName": ""
    },
    "ClosedComment": "Fixed",
    "ClosedDate": "2011-09-20T10:55:00.527-07:00",
    "CommentCount": 0,
    "Custom": null,
    "Description": "The logical operators doesnot shortcircuits, If I have expression like ([a] != 0) && ([b]/[a]>2). Even though a is zero this will go ahead dividing b/a which and throw divide by 0 exception",
    "LastUpdatedDate": "2011-09-20T10:55:00.527-07:00",
    "PlannedForRelease": "",
    "ReleaseVisibleToPublic": false,
    "Priority": {
      "Name": "Low",
      "Severity": 50,
      "Id": 1
    },
    "ProjectName": "ncalc",
    "ReportedDate": "2011-09-19T00:16:42.187-07:00",
    "Status": {
      "Name": "Closed",
      "Id": 4
    },
    "ReasonClosed": {
      "Name": "Unassigned"
    },
    "Summary": "Short circuit logical operators",
    "Type": {
      "Name": "Issue",
      "Id": 3
    },
    "VoteCount": 1,
    "Id": 28316
  },
  "FileAttachments": [],
  "Comments": []
}