{
  "WorkItem": {
    "AffectedComponent": {
      "Name": "",
      "DisplayName": ""
    },
    "ClosedComment": "",
    "ClosedDate": null,
    "CommentCount": 3,
    "Custom": null,
    "Description": "Hi,\r\n\r\nit seems like NCalc  is returning a wrong result.\r\n\r\nMy Code:\r\n\r\nstring expression = \"100-100.01\";\r\n\r\nExpression e = new Expression(expression);  \r\nstring resultString = e.Evaluate().ToString();\r\n\r\nIt returns \"0,0100000000000051\" and not \"-0,01\"\r\n\r\nFor \"100-110.01\"  the result is -10,01, which is correct.\r\n\r\nAm I missing something?\r\n\r\nThanks in advance\r\n\r\nPS: Still have this issue with version 1.3.8",
    "LastUpdatedDate": "2014-04-03T02:49:26.75-07:00",
    "PlannedForRelease": "",
    "ReleaseVisibleToPublic": false,
    "Priority": {
      "Name": "Low",
      "Severity": 50,
      "Id": 1
    },
    "ProjectName": "ncalc",
    "ReportedDate": "2012-11-09T02:43:39.443-08:00",
    "Status": {
      "Name": "Proposed",
      "Id": 1
    },
    "ReasonClosed": {
      "Name": "Unassigned"
    },
    "Summary": "Wrong Result",
    "Type": {
      "Name": "Issue",
      "Id": 3
    },
    "VoteCount": 2,
    "Id": 28329
  },
  "FileAttachments": [],
  "Comments": [
    {
      "Message": "Hi,\n\nI have tested also this expression with ncalc 1.3.8 \n \nI got as result \"-0,0100000000000051\" and I think this is correct!\n\nThe reason why you didn't get extact \"-0.01\" depends on the precision of floating point\nvalues (see here http://en.wikipedia.org/wiki/Floating_point).\n\nBest regards\n\nAlpecin",
      "PostedDate": "2012-12-06T01:16:14.63-08:00",
      "Id": 83670
    },
    {
      "Message": "Thanks for you reply.\n\nthis might answer the \"why\", but what can i do to get the really right result from ncalc?\n\n",
      "PostedDate": "2012-12-19T23:36:48.593-08:00",
      "Id": 84692
    },
    {
      "Message": "A possible resolution to get the \"really rigth result\" is to format the output string.,",
      "PostedDate": "2013-01-09T02:27:15.773-08:00",
      "Id": 85601
    }
  ]
}