{
  "WorkItem": {
    "AffectedComponent": {
      "Name": "",
      "DisplayName": ""
    },
    "ClosedComment": "Corrected as of version 1.3.3\r\n",
    "ClosedDate": "2009-11-30T01:49:28.35-08:00",
    "CommentCount": 0,
    "Custom": "",
    "Description": "Try this expression: #11/18/2009#==#11/19/2009#\nGet this exception: Invalid cast from 'System.DateTime' to 'System.RuntimeType'.\n\nI find this happens when doing any date comparison.",
    "LastUpdatedDate": "2009-11-30T01:49:28.35-08:00",
    "PlannedForRelease": "",
    "ReleaseVisibleToPublic": false,
    "Priority": {
      "Name": "Low",
      "Severity": 50,
      "Id": 1
    },
    "ProjectName": "ncalc",
    "ReportedDate": "2009-11-18T14:31:25.043-08:00",
    "Status": {
      "Name": "Closed",
      "Id": 4
    },
    "ReasonClosed": {
      "Name": "Unassigned"
    },
    "Summary": "Comparison of dates throws exception",
    "Type": {
      "Name": "Issue",
      "Id": 3
    },
    "VoteCount": 1,
    "Id": 25392
  },
  "FileAttachments": [],
  "Comments": []
}