{
  "WorkItem": {
    "AffectedComponent": {
      "Name": "",
      "DisplayName": ""
    },
    "ClosedComment": "",
    "ClosedDate": null,
    "CommentCount": 1,
    "Custom": null,
    "Description": "Wrong Calculation\r\n\r\nIs calculated as \r\n (1661643404*8.0)/(1000000*3600) = -19.12773\r\n\r\nVersion 1.3.8",
    "LastUpdatedDate": "2015-09-20T03:46:36.063-07:00",
    "PlannedForRelease": "",
    "ReleaseVisibleToPublic": false,
    "Priority": {
      "Name": "Unassigned",
      "Severity": 0,
      "Id": 0
    },
    "ProjectName": "ncalc",
    "ReportedDate": "2015-09-20T03:45:32.587-07:00",
    "Status": {
      "Name": "Proposed",
      "Id": 1
    },
    "ReasonClosed": {
      "Name": "Unassigned"
    },
    "Summary": "Wrong Calculation",
    "Type": {
      "Name": "Unassigned",
      "Id": 5
    },
    "VoteCount": 1,
    "Id": 28348
  },
  "FileAttachments": [],
  "Comments": [
    {
      "Message": "sorry * was missing\n(1661643404 * 8.0)/(1000000 * 3600) = -19.12773 ",
      "PostedDate": "2015-09-20T03:46:36.063-07:00",
      "Id": 190464
    }
  ]
}