[
  {
    "Id": "0",
    "Name": "NCalc - 1.3.7",
    "DevelopmentStatus": "Stable",
    "Description": "Fixing overflow when comparing long values\n",
    "ReleasedDatge": "0001-01-01T00:00:00",
    "ModifiedDate": "2011-06-26T10:51:20.077-07:00",
    "Files": [
      {
        "Id": "e7b7cdb1-1d10-4d23-97fc-17e23ec1d5b0",
        "FileName": "NCalc - Binaries.zip",
        "Url": "./0/e7b7cdb1-1d10-4d23-97fc-17e23ec1d5b0",
        "Type": "Application",
        "UploadDate": "2011-06-26T10:51:19.903-07:00"
      },
      {
        "Id": "e9eefadf-636a-40ed-a70a-82606e4cf3df",
        "FileName": "NCalc - Sources.zip",
        "Url": "./0/e9eefadf-636a-40ed-a70a-82606e4cf3df",
        "Type": "Source Code",
        "UploadDate": "2011-06-26T10:51:19.967-07:00"
      }
    ]
  },
  {
    "Id": "1",
    "Name": "NCalc - 1.3.6",
    "DevelopmentStatus": "Stable",
    "Description": "Small bug fixes\n  Refactoring\n",
    "ReleasedDatge": "0001-01-01T00:00:00",
    "ModifiedDate": "2010-09-22T18:02:25.217-07:00",
    "Files": [
      {
        "Id": "303a901c-7df6-44d7-8fed-a098a21d19f7",
        "FileName": "NCalc - Binaries.zip",
        "Url": "./1/303a901c-7df6-44d7-8fed-a098a21d19f7",
        "Type": "Application",
        "UploadDate": "2010-09-22T18:02:25.187-07:00"
      },
      {
        "Id": "9315559a-e9d6-4469-bd17-db24e307320b",
        "FileName": "NCalc - Sources.zip",
        "Url": "./1/9315559a-e9d6-4469-bd17-db24e307320b",
        "Type": "Source Code",
        "UploadDate": "2010-09-22T18:02:25.203-07:00"
      }
    ]
  },
  {
    "Id": "2",
    "Name": "NCalc - 1.3.5",
    "DevelopmentStatus": "Stable",
    "Description": "Applied corrections suggested by user wujonesj2: \n- Corrected overflow exception on big numbers\n- Corrected flag values for options\n",
    "ReleasedDatge": "0001-01-01T00:00:00",
    "ModifiedDate": "2010-02-08T06:47:21.433-08:00",
    "Files": [
      {
        "Id": "237457db-bbb2-4786-8820-9fdba0f1fca5",
        "FileName": "NCalc - Binaries.zip",
        "Url": "./2/237457db-bbb2-4786-8820-9fdba0f1fca5",
        "Type": "Application",
        "UploadDate": "2010-02-08T06:47:21.213-08:00"
      },
      {
        "Id": "2301b7fa-6910-492c-902c-50a447292203",
        "FileName": "NCalc - Sources.zip",
        "Url": "./2/2301b7fa-6910-492c-902c-50a447292203",
        "Type": "Source Code",
        "UploadDate": "2010-02-08T06:47:21.247-08:00"
      }
    ]
  },
  {
    "Id": "3",
    "Name": "NCalc - 1.3.3",
    "DevelopmentStatus": "Stable",
    "Description": "Corrected type discovery during comparisons (submitted by benark)",
    "ReleasedDatge": "0001-01-01T00:00:00",
    "ModifiedDate": "2009-11-30T01:48:34.287-08:00",
    "Files": [
      {
        "Id": "1f7884ff-cc07-4d7a-93c6-b1cbce0e54ab",
        "FileName": "NCalc - Binaries.zip",
        "Url": "./3/1f7884ff-cc07-4d7a-93c6-b1cbce0e54ab",
        "Type": "Application",
        "UploadDate": "2009-11-30T01:47:35.737-08:00"
      },
      {
        "Id": "c687dbc5-d06f-44ff-b60d-0099f05015b0",
        "FileName": "NCalc - Sources.zip",
        "Url": "./3/c687dbc5-d06f-44ff-b60d-0099f05015b0",
        "Type": "Source Code",
        "UploadDate": "2009-11-30T01:47:35.753-08:00"
      }
    ]
  },
  {
    "Id": "4",
    "Name": "NCalc - 1.3.2",
    "DevelopmentStatus": "Stable",
    "Description": "BUG: Major issue corrected with precedence (again, thanks to Keze). \nBUG: Use double values when using the / operator, in order to prevent percision loss",
    "ReleasedDatge": "0001-01-01T00:00:00",
    "ModifiedDate": "2009-11-11T09:07:44.843-08:00",
    "Files": [
      {
        "Id": "d8f28419-9470-444d-b86e-76a806384581",
        "FileName": "NCalc - Binaries.zip",
        "Url": "./4/d8f28419-9470-444d-b86e-76a806384581",
        "Type": "Application",
        "UploadDate": "2009-11-11T09:06:56.583-08:00"
      },
      {
        "Id": "278dec5a-9a3d-42c0-a4a2-1a7b31d2f1b5",
        "FileName": "NCalc - Sources.zip",
        "Url": "./4/278dec5a-9a3d-42c0-a4a2-1a7b31d2f1b5",
        "Type": "Source Code",
        "UploadDate": "2009-11-11T09:06:56.6-08:00"
      }
    ]
  },
  {
    "Id": "5",
    "Name": "NCalc - 1.3.1",
    "DevelopmentStatus": "Stable",
    "Description": "BUG: Major issue corrected with precedence. Could not imagine a so predictable issue to occur ! Shame on me. No test was checking it !!!",
    "ReleasedDatge": "0001-01-01T00:00:00",
    "ModifiedDate": "2009-11-03T08:51:26.52-08:00",
    "Files": [
      {
        "Id": "25b9c794-4c4d-4539-8e48-19dd819eb3dd",
        "FileName": "NCalc - Binaries.zip",
        "Url": "./5/25b9c794-4c4d-4539-8e48-19dd819eb3dd",
        "Type": "Application",
        "UploadDate": "2009-11-03T08:50:38.79-08:00"
      },
      {
        "Id": "0afc9718-358b-4695-abbe-e710eabfb882",
        "FileName": "NCalc - Sources.zip",
        "Url": "./5/0afc9718-358b-4695-abbe-e710eabfb882",
        "Type": "Source Code",
        "UploadDate": "2009-11-03T08:50:38.807-08:00"
      }
    ]
  },
  {
    "Id": "6",
    "Name": "NCalc - 1.3.0",
    "DevelopmentStatus": "Stable",
    "Description": "NEW: Bitwise operators (&, |, ^, ~, <<, >>).\nBREAK: Removed power operator, use Pow(x,y) instead.",
    "ReleasedDatge": "0001-01-01T00:00:00",
    "ModifiedDate": "2009-10-27T06:08:12.29-07:00",
    "Files": [
      {
        "Id": "2d47739b-f564-4555-b9e2-910756247dcc",
        "FileName": "NCalc - Binaries.zip",
        "Url": "./6/2d47739b-f564-4555-b9e2-910756247dcc",
        "Type": "Application",
        "UploadDate": "2009-10-27T06:06:48.917-07:00"
      },
      {
        "Id": "2ec72cb2-2d11-4b33-be08-b74024b7ada0",
        "FileName": "NCalc - Sources.zip",
        "Url": "./6/2ec72cb2-2d11-4b33-be08-b74024b7ada0",
        "Type": "Source Code",
        "UploadDate": "2009-10-27T06:06:48.963-07:00"
      }
    ]
  },
  {
    "Id": "7",
    "Name": "NCalc - 1.2.0",
    "DevelopmentStatus": "Stable",
    "Description": "Iterate on parameters using EvaluationOptions.IterateParameters\nBetter type matching (e.g., 1 + 1 returns an Int32 and not a Decimal) ",
    "ReleasedDatge": "0001-01-01T00:00:00",
    "ModifiedDate": "2009-09-08T01:19:23.637-07:00",
    "Files": [
      {
        "Id": "76941826-690a-4fa9-9230-da525814c05f",
        "FileName": "NCalc - Binaries.zip",
        "Url": "./7/76941826-690a-4fa9-9230-da525814c05f",
        "Type": "Application",
        "UploadDate": "2009-09-08T01:19:23.48-07:00"
      },
      {
        "Id": "d75a38db-70e4-4b57-9680-f3426c0b05e3",
        "FileName": "NCalc - Sources.zip",
        "Url": "./7/d75a38db-70e4-4b57-9680-f3426c0b05e3",
        "Type": "Source Code",
        "UploadDate": "2009-09-08T01:19:23.51-07:00"
      }
    ]
  },
  {
    "Id": "8",
    "Name": "NCalc - 1.2.1",
    "DevelopmentStatus": "Stable",
    "Description": "Added HasResult property to FunctionArgs and ParameterArgs so that custom parameters and custom functions can return null",
    "ReleasedDatge": "0001-01-01T00:00:00",
    "ModifiedDate": "2009-09-17T21:30:48.517-07:00",
    "Files": [
      {
        "Id": "d2bbd52a-27e8-4709-8709-cfcd2f9abe49",
        "FileName": "NCalc - Binaries.zip",
        "Url": "./8/d2bbd52a-27e8-4709-8709-cfcd2f9abe49",
        "Type": "Application",
        "UploadDate": "2009-09-17T21:30:48.377-07:00"
      },
      {
        "Id": "5a9b332b-a549-45a3-8596-87f4c0c4b254",
        "FileName": "NCalc - Sources.zip",
        "Url": "./8/5a9b332b-a549-45a3-8596-87f4c0c4b254",
        "Type": "Source Code",
        "UploadDate": "2009-09-17T21:30:48.393-07:00"
      }
    ]
  },
  {
    "Id": "9",
    "Name": "NCalc - 1.1.1",
    "DevelopmentStatus": "Stable",
    "Description": "Added scientific notation handling",
    "ReleasedDatge": "0001-01-01T00:00:00",
    "ModifiedDate": "2009-09-06T23:35:16.287-07:00",
    "Files": [
      {
        "Id": "334662c9-0a67-4809-9867-d6de1ff75002",
        "FileName": "NCalc - Binaries.zip",
        "Url": "./9/334662c9-0a67-4809-9867-d6de1ff75002",
        "Type": "Application",
        "UploadDate": "2009-09-06T23:35:16.163-07:00"
      },
      {
        "Id": "0b55c333-c03b-4bff-a36d-9f7c62a4bba4",
        "FileName": "NCalc - Sources.zip",
        "Url": "./9/0b55c333-c03b-4bff-a36d-9f7c62a4bba4",
        "Type": "Source Code",
        "UploadDate": "2009-09-06T23:35:16.177-07:00"
      }
    ]
  },
  {
    "Id": "10",
    "Name": "NCalc - 1.1.2",
    "DevelopmentStatus": "Stable",
    "Description": "Corrected recursive evaluation of parameters and functions",
    "ReleasedDatge": "0001-01-01T00:00:00",
    "ModifiedDate": "2009-09-07T14:54:08.137-07:00",
    "Files": [
      {
        "Id": "a2b1b0e1-a409-49e1-b210-707a7d2d56da",
        "FileName": "NCalc - Binaries.zip",
        "Url": "./10/a2b1b0e1-a409-49e1-b210-707a7d2d56da",
        "Type": "Application",
        "UploadDate": "2009-09-07T14:54:08.013-07:00"
      },
      {
        "Id": "5d3f3f97-2eb8-4251-8266-93ced5055163",
        "FileName": "NCalc - Sources.zip",
        "Url": "./10/5d3f3f97-2eb8-4251-8266-93ced5055163",
        "Type": "Source Code",
        "UploadDate": "2009-09-07T14:54:08.03-07:00"
      }
    ]
  },
  {
    "Id": "11",
    "Name": "NCalc - 1.1.0",
    "DevelopmentStatus": "Stable",
    "Description": "NEW: Error management before evaluating the expression\nNEW: ANTLR updated to version 1.3.3\nNEW: Grammar create the expression tree during parsing\nNEW: Compiled expressions cache, automatic and also manual. Possibility to disable it also.\n",
    "ReleasedDatge": "0001-01-01T00:00:00",
    "ModifiedDate": "2009-08-04T13:23:11.593-07:00",
    "Files": [
      {
        "Id": "ce54529d-8c26-46be-a7e2-4c26fd299f42",
        "FileName": "NCalc - Sources.zip",
        "Url": "./11/ce54529d-8c26-46be-a7e2-4c26fd299f42",
        "Type": "Source Code",
        "UploadDate": "2009-08-04T13:21:03.897-07:00"
      },
      {
        "Id": "5f869f79-2365-4d93-a6c9-8a25f829b3c3",
        "FileName": "NCalc - Binaries.zip",
        "Url": "./11/5f869f79-2365-4d93-a6c9-8a25f829b3c3",
        "Type": "Application",
        "UploadDate": "2009-08-04T13:21:03.88-07:00"
      }
    ]
  },
  {
    "Id": "12",
    "Name": "NCalc 1.0.4",
    "DevelopmentStatus": "Stable",
    "Description": "Added *in* operator\nImplemented strings concatenation",
    "ReleasedDatge": "0001-01-01T00:00:00",
    "ModifiedDate": "2009-02-26T23:58:16.693-08:00",
    "Files": [
      {
        "Id": "70cc7704-20c4-434b-9547-d779750c1bc4",
        "FileName": "NCalc - Sources.zip",
        "Url": "./12/70cc7704-20c4-434b-9547-d779750c1bc4",
        "Type": "Application",
        "UploadDate": "2009-02-26T23:51:24.42-08:00"
      },
      {
        "Id": "f02ef0ac-64d6-42c4-ba02-19ea0fae675c",
        "FileName": "NCalc - Binaries.zip",
        "Url": "./12/f02ef0ac-64d6-42c4-ba02-19ea0fae675c",
        "Type": "Application",
        "UploadDate": "2009-02-26T23:51:24.093-08:00"
      }
    ]
  },
  {
    "Id": "13",
    "Name": "NCalc 1.0.3",
    "DevelopmentStatus": "Stable",
    "Description": "Migrated solution to Visual Studio .NET 2008\nModified full parameters names between suqare brackets with spaces, integers and dots\nImplemented expressions' serialization \nMoved to ANTLR.3.1.2 which should increase performance",
    "ReleasedDatge": "0001-01-01T00:00:00",
    "ModifiedDate": "2009-02-24T00:33:14.033-08:00",
    "Files": [
      {
        "Id": "ab8fe5ca-97a9-410a-9ce0-ed08c1684fa2",
        "FileName": "NCalc - Sources.zip",
        "Url": "./13/ab8fe5ca-97a9-410a-9ce0-ed08c1684fa2",
        "Type": "Source Code",
        "UploadDate": "2009-02-24T00:27:35.723-08:00"
      },
      {
        "Id": "34fece5f-4e61-459c-bb75-b7573e149b7a",
        "FileName": "NCalc - Binaries.zip",
        "Url": "./13/34fece5f-4e61-459c-bb75-b7573e149b7a",
        "Type": "Application",
        "UploadDate": "2009-02-24T00:27:36.05-08:00"
      }
    ]
  },
  {
    "Id": "14",
    "Name": "NCalc - 1.3.4",
    "DevelopmentStatus": "Stable",
    "Description": "Corrected Date comparisons\nCorrected parameters inheritance usin inner expressions\n",
    "ReleasedDatge": "0001-01-01T00:00:00",
    "ModifiedDate": "2010-01-04T06:36:15.33-08:00",
    "Files": [
      {
        "Id": "95bf820d-4dcb-485d-b866-135f238a10bd",
        "FileName": "NCalc - Binaries.zip",
        "Url": "./14/95bf820d-4dcb-485d-b866-135f238a10bd",
        "Type": "Application",
        "UploadDate": "2010-01-04T06:35:29.27-08:00"
      },
      {
        "Id": "476743f0-170f-4045-873b-8c8d529024da",
        "FileName": "NCalc - Sources.zip",
        "Url": "./14/476743f0-170f-4045-873b-8c8d529024da",
        "Type": "Source Code",
        "UploadDate": "2010-01-04T06:35:29.27-08:00"
      }
    ]
  },
  {
    "Id": "15",
    "Name": "NCalc - 1.0.2",
    "DevelopmentStatus": "None",
    "Description": "- Corrected parametered values in custom functions ",
    "ReleasedDatge": "0001-01-01T00:00:00",
    "ModifiedDate": "2008-10-17T01:52:14.933-07:00",
    "Files": [
      {
        "Id": "bdaad3a1-a7bc-4617-af3d-faa7aead2452",
        "FileName": "NCalc - Sources.zip",
        "Url": "./15/bdaad3a1-a7bc-4617-af3d-faa7aead2452",
        "Type": "Source Code",
        "UploadDate": "2008-10-17T01:52:14.573-07:00"
      },
      {
        "Id": "b2cb0a9a-0f32-4389-b228-7d792a7ff591",
        "FileName": "NCalc - Binaries.zip",
        "Url": "./15/b2cb0a9a-0f32-4389-b228-7d792a7ff591",
        "Type": "Application",
        "UploadDate": "2008-10-17T01:52:14.277-07:00"
      }
    ]
  },
  {
    "Id": "16",
    "Name": "NCalc - 1.3.8",
    "DevelopmentStatus": "Stable",
    "Description": "Short circuiting boolean expressions\n",
    "ReleasedDatge": "0001-01-01T00:00:00",
    "ModifiedDate": "2011-09-20T10:54:44.413-07:00",
    "Files": [
      {
        "Id": "6926ccd9-d452-4ccf-a5a9-6dc944e22af4",
        "FileName": "NCalc - Binaries.zip",
        "Url": "./16/6926ccd9-d452-4ccf-a5a9-6dc944e22af4",
        "Type": "Application",
        "UploadDate": "2011-09-20T10:54:44.1-07:00"
      },
      {
        "Id": "89298643-179c-4842-abc9-79ffe685dc20",
        "FileName": "NCalc - Sources.zip",
        "Url": "./16/89298643-179c-4842-abc9-79ffe685dc20",
        "Type": "Source Code",
        "UploadDate": "2011-09-20T10:54:44.163-07:00"
      }
    ]
  }
]