[
  {
    "Title": "Home",
    "Id": "1907347",
    "ParentWikiTitle": "Home",
    "FileExtension": "codeplexwiki",
    "UpdatedDate": "2017-05-15T10:01:21.943-07:00",
    "FileAttachments": [
      {
        "Id": "5c00b60f-e6fe-4025-b39b-2678318dc448",
        "FileName": "petit_carre.png",
        "DownloadUri": "./1907347/5c00b60f-e6fe-4025-b39b-2678318dc448"
      }
    ]
  },
  {
    "Title": "functions",
    "Id": "223288",
    "ParentWikiTitle": "description",
    "FileExtension": "codeplexwiki",
    "UpdatedDate": "2009-12-31T03:06:24.477-08:00",
    "FileAttachments": []
  },
  {
    "Title": "operators",
    "Id": "202473",
    "ParentWikiTitle": "description",
    "FileExtension": "codeplexwiki",
    "UpdatedDate": "2009-10-27T07:27:10.843-07:00",
    "FileAttachments": []
  },
  {
    "Title": "values",
    "Id": "191777",
    "ParentWikiTitle": "description",
    "FileExtension": "codeplexwiki",
    "UpdatedDate": "2009-09-18T07:29:48.023-07:00",
    "FileAttachments": []
  },
  {
    "Title": "description",
    "Id": "191775",
    "ParentWikiTitle": "Home",
    "FileExtension": "codeplexwiki",
    "UpdatedDate": "2009-09-18T07:28:52.863-07:00",
    "FileAttachments": []
  },
  {
    "Title": "parameters",
    "Id": "189083",
    "ParentWikiTitle": "values",
    "FileExtension": "codeplexwiki",
    "UpdatedDate": "2009-09-09T08:04:56.187-07:00",
    "FileAttachments": []
  },
  {
    "Title": "specifications",
    "Id": "188988",
    "ParentWikiTitle": "Home",
    "FileExtension": "codeplexwiki",
    "UpdatedDate": "2009-09-08T23:50:30.29-07:00",
    "FileAttachments": []
  }
]
